filename,avg_saturation,std_dev
DSC_0910.JPG,113.25401034981418,24.49878789122228
DSC_0903.JPG,126.89715623600978,24.25562996490822
DSC_0902.JPG,109.93099540668047,26.231367541201813
DSC_0909.JPG,118.643525307749,24.67172008378415
DSC_0908.JPG,113.56090722306394,23.572323854890218
2.jpg,0.0,0.0
